created_at;id_str;full_text;quote_count;reply_count;retweet_count;favorite_count;lang;user_id_str;conversation_id_str;username;tweet_url
Tue Feb 28 01:44:46 +0000 2023;1630383475948699657;"@Da_mirror91 @Nellythamenace How you too good for McDonald's but begging for $20? üò≠ pleaseeee";2;4;22;1057;en;1549503923051905025;1630239679323701250;ybtellem;https://twitter.com/ybtellem/status/1630383475948699657
Tue Feb 28 01:36:53 +0000 2023;1630381493255012352;"i‚Äôve been eating really well lately and working out 5-6 times a week and i feel amazing. but something inside of me is screaming to get a cardi b and offset meal from mcdonald‚Äôs and eat it alone in my car tonight";1;21;13;1194;en;971129027875557376;1630381493255012352;pissboymcgee;https://twitter.com/pissboymcgee/status/1630381493255012352
Tue Feb 28 01:06:41 +0000 2023;1630373892769427459;"What Are Your Favorite McDonald‚Äôs Toys?  #Mcdonalds #FastFood #HappyMeal #MuppetBabies #Garfield #OliverAndCompany https://t.co/yTDOk1mbhd";8;80;33;490;en;820027394148941826;1630373892769427459;80sThen80sNow;https://twitter.com/80sThen80sNow/status/1630373892769427459
Tue Feb 28 00:56:53 +0000 2023;1630371425818165251;"From the ‚ÄúMcDonald‚Äôs has offered every single type of food imaginable‚Äù files: SOUR CREAM &amp  CHIVES STEAK FRIES (translite sign, 1991) https://t.co/HhsHba20mp";18;20;70;887;en;894957766598635520;1630371425818165251;consumertc;https://twitter.com/consumertc/status/1630371425818165251
Tue Feb 28 00:04:53 +0000 2023;1630358341368299520;"Some people love the McRib, but it's not available at McDonald's year round. Naturally, somebody put together a website that lets people know where to find the closest McRib to them, and for that, we salute their efforts. https://t.co/ojmQ8q9bml";26;65;69;1158;en;18927441;1630358341368299520;IGN;https://twitter.com/IGN/status/1630358341368299520
Mon Feb 27 21:42:09 +0000 2023;1630322420618764289;"Can‚Äôt lie Claudia is acting so cringe and immature and if anything she‚Äôs pushing Casey more and more towards Rosie üòÇüòÇüòÇüòÇ #loveisland https://t.co/Ae9LfEQpIf";1;6;21;1278;en;2840338474;1630322420618764289;Joe_McDonald_;https://twitter.com/Joe_McDonald_/status/1630322420618764289
Mon Feb 27 21:26:07 +0000 2023;1630318383278460930;"Aurora borealis lights up the night sky over Lake McDonald in Glacier National Park last night #mtwx https://t.co/wxn1HHLDpH";14;13;148;962;en;2712440749;1630318383278460930;caseykreider_;https://twitter.com/caseykreider_/status/1630318383278460930
Mon Feb 27 20:19:27 +0000 2023;1630301607513530370;"[UCC] RJ figurines sold out on the first day of McDonald's x BT21 campaign launch in Korea https://t.co/mySFiXU7yT";111;61;1236;5435;en;21366823;1630301607513530370;allkpop;https://twitter.com/allkpop/status/1630301607513530370
Mon Feb 27 17:51:40 +0000 2023;1630264417169575937;"A CONFESSION BECAUSE IT'S THE LAST DAY OF FEBRUARY...  I HAVE A BIG FAT CRUSH ON RONALD MCDONALD üëâüëàüòîüíñ";8;179;148;3914;en;1328277233492844544;1630264417169575937;kureijiollie;https://twitter.com/kureijiollie/status/1630264417169575937
Mon Feb 27 17:10:57 +0000 2023;1630254172254658560;"[#UPDATE] NewJeans x McDonald‚Äôs individual photos  #NewJeans #Îâ¥ÏßÑÏä§  @NewJeans_ADOR https://t.co/cW6HYndvel";27;2;461;3901;en;1307238450870063106;1630254172254658560;NewJeansDaily;https://twitter.com/NewJeansDaily/status/1630254172254658560
Mon Feb 27 16:55:00 +0000 2023;1630250156791676928;"@doitmuvaaa So we collectively agree that we only thought it was fish because of McDonald‚Äôs filet-o-fish ?!?! üòÇüòÇüòÇ";0;2;6;325;en;1437636377521364995;1630037894567010304;LizzyRosee_;https://twitter.com/LizzyRosee_/status/1630250156791676928
Mon Feb 27 16:11:43 +0000 2023;1630239264100450305;"me when it‚Äôs 11 am and McDonald‚Äôs stops serving breakfast https://t.co/HVbGuWAoz0";103;1;1613;12579;en;1166387941;1630239264100450305;whotfisjovana;https://twitter.com/whotfisjovana/status/1630239264100450305
Mon Feb 27 16:04:25 +0000 2023;1630237424877199362;"#ad If you want to see me announce @McDonaldsUK‚Äôs brilliant new Double Up offer in a scouse accent then check this out‚Ä¶¬†Even @OfficialClancy was impressed!¬†üòÇ  Head to the McDonald‚Äôs App to get double #MyMcDonaldsRewards points for the next 3 weeks¬†üëáüèº https://t.co/O9LtYLqWZ8 https://t.co/2RscUe7J4y";5;12;13;326;en;2785194610;1630237424877199362;petercrouch;https://twitter.com/petercrouch/status/1630237424877199362
Mon Feb 27 15:26:35 +0000 2023;1630227905572745218;"Stewart McDonald emails. Editing and legaling. There is plenty of evidence of McDonald being a right wing fanboy of British military and security services, and very anxious to clype and suck up to Sturgeon. BUT he never made it to the inner circle. So no great Murrell reveals.";12;48;127;346;en;27716419;1630227905572745218;matthuag;https://twitter.com/matthuag/status/1630227905572745218
Mon Feb 27 14:40:27 +0000 2023;1630216295764615169;"The 49ers drafted Vance McDonald eight picks before the Chiefs drafted Travis Kelce.";15;105;17;499;en;194352411;1630216295764615169;grantcohn;https://twitter.com/grantcohn/status/1630216295764615169
Mon Feb 27 14:12:07 +0000 2023;1630209163849596930;"Here's the front counter of a "modern" McDonald's from a mid-80s Operation Pride Guide. Judging by the Good Sports Happy Meal translite sign, this photo would have been taken in February or March of 1984. https://t.co/aAUQrYzbjs";5;10;37;385;en;894957766598635520;1630209163849596930;consumertc;https://twitter.com/consumertc/status/1630209163849596930
Mon Feb 27 13:40:05 +0000 2023;1630201104641445890;"@GoldBlooded79 Left. Looks like it was cooked in butter. The right one looks like it‚Äôs from McDonald‚Äôs ü§¶üèª‚Äç‚ôÄÔ∏è";0;16;4;453;en;3258463686;1630200783101632515;trixietakersgr1;https://twitter.com/trixietakersgr1/status/1630201104641445890
Mon Feb 27 13:24:35 +0000 2023;1630197204609531905;"I love my c-section scar because I use it to make my kids do stuff. Like do I need to pull it out right here at McDonald‚Äôs or are you gonna give mommy some fries?";1;17;56;246;en;1452699706325413894;1630197204609531905;IHideFromMyKids;https://twitter.com/IHideFromMyKids/status/1630197204609531905
Mon Feb 27 13:13:15 +0000 2023;1630194350549508097;"McDonald‚Äôs isn‚Äôt playing around. https://t.co/Wh2lSA64VK";12;76;132;1167;en;1522323677500649475;1630194350549508097;CallMeK1123;https://twitter.com/CallMeK1123/status/1630194350549508097
Mon Feb 27 12:06:34 +0000 2023;1630177570837626880;"‚ÄúWhat a Fool Believes‚Äù earned songwriters Kenny Loggins and Michael McDonald the Grammy for Song of the Year on this day in 1980. The Doobie Brothers won Record of the Year for the song‚Äôs performance, and Best Pop Vocal Performance (Group) for their single ‚ÄúMinute by Minute‚Äù. https://t.co/vhaoS3Q0nK";19;19;106;847;en;1026520964887130115;1630177570837626880;in_yacht;https://twitter.com/in_yacht/status/1630177570837626880
Mon Feb 27 10:16:46 +0000 2023;1630149935890059265;"üéâ@LFGSwap 10000 #LFG #Airdop  üï∂Ô∏èGentlemen, LFGSwap has more than 260,000 followers, JUST THE BEGINNING  üí∞If money isn‚Äôt everything, work at McDonald‚Äôs. ‚Äì AIRDROP 10,000 LFG TO 100 PEOPLE. LET'S FUCKING GO  üìÉRule ‚úÖFollow @LFGSwap ‚ù§Ô∏èLike &amp  RT &amp  Tag 5 friends &amp  Drop #address https://t.co/k0m2SG2UbQ";191;1935;1660;2541;en;1563385588517990400;1630149935890059265;LFGSwap;https://twitter.com/LFGSwap/status/1630149935890059265
Mon Feb 27 07:22:02 +0000 2023;1630105964417261569;"[UPDATE] NewJeans has been announced as the new model for McDonald‚Äôs Korea  New menu will be launched this March  Source: https://t.co/4iolpcdDuC https://t.co/wQFYks6WwB";70;1;164;851;en;337562055;1630105964417261569;theseoulstory;https://twitter.com/theseoulstory/status/1630105964417261569
Mon Feb 27 06:27:54 +0000 2023;1630092341645045769;"@fasc1nate McDonald's Big Mac price üçî :    1960s: 45¬¢   1970s: 65¬¢   1980s: $1.60, or $2.59 for a Big Mac Value Pack   1990s: $2.45, or $4.59 for a Big Mac Extra Value Meal   2000s: $2.39   2010s: $4.19   2020: $4.95, or $7.89 for a Big Mac Meal 2022: $5.94";4;35;27;819;en;1588069292540583937;1630091974412754944;worldranking_;https://twitter.com/worldranking_/status/1630092341645045769
Mon Feb 27 05:02:43 +0000 2023;1630070903877824516;"@doitmuvaaa Blame on it McDonald‚Äôs Filet-O-Fish Commercial üò≠ had me thinking filet had something to do with fish too https://t.co/3yToJq3A41";10;4;23;387;en;4507718615;1630037894567010304;tayrockets;https://twitter.com/tayrockets/status/1630070903877824516
Mon Feb 27 01:29:31 +0000 2023;1630017251666718720;"Minji for Mc Donald's https://t.co/RUzXFLpA0o";58;6;668;3847;en;1550143486376448000;1630017251666718720;minjigallery;https://twitter.com/minjigallery/status/1630017251666718720
Mon Feb 27 01:23:49 +0000 2023;1630015817273180160;"#Haerin x McDonald‚Äôs https://t.co/AsFcXoqDTh";54;0;750;3117;en;1525663656779862017;1630015817273180160;haerinfeed;https://twitter.com/haerinfeed/status/1630015817273180160
Mon Feb 27 01:08:57 +0000 2023;1630012074741858309;"McDonald‚Äôs x NewJeans https://t.co/Ydz2fUNoKB";18;3;158;1177;en;1541568048485675008;1630012074741858309;newtannies;https://twitter.com/newtannies/status/1630012074741858309
Mon Feb 27 01:03:08 +0000 2023;1630010612955906048;"NewJeans x McDonald‚Äôs    #Îâ¥ÏßÑÏä§ #NewJeans #Îß•ÎèÑÎÇ†Îìú https://t.co/CE7feQqZBI";1266;126;6366;32162;en;1559527150197555200;1630010612955906048;newjeans_loop;https://twitter.com/newjeans_loop/status/1630010612955906048
Mon Feb 27 00:39:54 +0000 2023;1630004762945937408;"madams this is a mcdonald‚Äôs drive thru https://t.co/SNQHwuQfms";19;2;548;3621;en;1198950969876320258;1630004762945937408;yanweigay;https://twitter.com/yanweigay/status/1630004762945937408
Mon Feb 27 00:32:30 +0000 2023;1630002902906421248;"mcdonald's x newjeans https://t.co/BZ4eEHTOCQ";31;0;213;1042;en;1550671152963624960;1630002902906421248;hannihourly;https://twitter.com/hannihourly/status/1630002902906421248
Mon Feb 27 00:30:55 +0000 2023;1630002505160486912;"McDonald's selected NewJeans as an ad model for Gen Z icon   ‚ÄúMcDonald's plans to reveal a new menu next month and launch a new advertising campaign with the message of 'crispness in a different dimension' with NewJeans.‚Äù  üîó: https://t.co/35tgG1fD6Y #NewJeans #Îâ¥ÏßÑÏä§ #Îß•ÎèÑÎÇ†Îìú https://t.co/svNFdJ0Zot";10;3;113;753;en;1541568048485675008;1630002505160486912;newtannies;https://twitter.com/newtannies/status/1630002505160486912
Mon Feb 27 00:24:22 +0000 2023;1630000853926002691;"[#UPDATE] NewJeans x McDonald‚Äôs   #NewJeans #Îâ¥ÏßÑÏä§  @NewJeans_ADOR https://t.co/u5cvn4XInT";89;5;634;2611;en;1307238450870063106;1630000853926002691;NewJeansDaily;https://twitter.com/NewJeansDaily/status/1630000853926002691
Mon Feb 27 00:22:11 +0000 2023;1630000304966991872;"[#UPDATE] NewJeans have been selected as the new ambassadors of McDonald‚Äôs!  They plan to release a New Menu next month and launch an advertising campaign called ‚Äòdifferent levels of crispness‚Äô  #NewJeans #Îâ¥ÏßÑÏä§  @NewJeans_ADOR https://t.co/BVZLKbgzE5";299;58;1461;8044;en;1307238450870063106;1630000304966991872;NewJeansDaily;https://twitter.com/NewJeansDaily/status/1630000304966991872
Mon Feb 27 00:15:35 +0000 2023;1629998644429750273;"[OFFICIAL] McDonald's announced that they will launch a new menu in March and #NewJeans are the models of the ‚Äòdifferent levels of crispness‚Äô campaign. https://t.co/omGQD76qHz";240;17;1039;4715;en;1550416678114435072;1629998644429750273;newjeansnews_;https://twitter.com/newjeansnews_/status/1629998644429750273
Sun Feb 26 23:43:32 +0000 2023;1629990577218686977;"NewJeans x McDonald‚Äôs    #Îâ¥ÏßÑÏä§ #NewJeans #Îß•ÎèÑÎÇ†Îìú https://t.co/WpEm0e84wp";300;34;2422;11690;en;1559527150197555200;1629990577218686977;newjeans_loop;https://twitter.com/newjeans_loop/status/1629990577218686977
Sun Feb 26 23:41:18 +0000 2023;1629990017329184774;"I am willing to speak to anybody that sees this as appalling and for the need to see an online portal with dedicated officers and resources that do not allow things like this to happen. @JennyGilruth @patrickharvie @Stuart_McDonald @KeithBrownSNP @Ross_Greer @PoliceScotland  4/13";0;10;77;862;en;1395318015470800899;1629990008064036865;AlanMyles8;https://twitter.com/AlanMyles8/status/1629990017329184774
Sun Feb 26 22:54:33 +0000 2023;1629978250138259456;"I am the coolest guy at this airport McDonald‚Äôs";6;26;63;2305;en;4173640821;1629978250138259456;NoahKahan;https://twitter.com/NoahKahan/status/1629978250138259456
Sun Feb 26 22:41:04 +0000 2023;1629974860456681474;"Can‚Äôt be done cuz railroads and other special interests have poured train loads of money into the pockets of politicians like Trump and Mike DeWine  Trump‚Äôs McDonald‚Äôs/MAGA hat/Trump Water giveaway was just a circus act intended to obscure the truth of their heinous corruption";1;10;98;413;en;270132611;1629973951504850945;lindyli;https://twitter.com/lindyli/status/1629974860456681474
Sun Feb 26 21:57:43 +0000 2023;1629963949658497031;"COMERCIAL DO MCDONALD'S COM O NEWJEANS  https://t.co/cY4JOxJQbu";218;76;389;2478;en;1582750317065764867;1629963949658497031;bunniesbr;https://twitter.com/bunniesbr/status/1629963949658497031
Sun Feb 26 21:53:55 +0000 2023;1629962994603151360;"NewJeans x McDonald‚Äôs   3/2 coming soon   #Îâ¥ÏßÑÏä§ #NewJeans #Îß•ÎèÑÎÇ†Îìú https://t.co/vvbDAfpVnE";105;8;1383;5680;en;1559527150197555200;1629962994603151360;newjeans_loop;https://twitter.com/newjeans_loop/status/1629962994603151360
Sun Feb 26 21:45:08 +0000 2023;1629960781566722048;"NewJeans x McDonald‚Äôs   Find crisply   3/2 coming soon   #Îâ¥ÏßÑÏä§ #NewJeans #Îß•ÎèÑÎÇ†Îìú https://t.co/GpWRNZ8ihk";613;40;3019;9490;en;1559527150197555200;1629960781566722048;newjeans_loop;https://twitter.com/newjeans_loop/status/1629960781566722048
Sun Feb 26 21:12:00 +0000 2023;1629952445320163328;"mcdonald‚Äôs korea x newjeans crispy burger coming march 2nd!  https://t.co/kNYL3Skgig";41;3;180;1094;en;1252264437265977345;1629952445320163328;newjified;https://twitter.com/newjified/status/1629952445320163328
Sun Feb 26 20:28:13 +0000 2023;1629941425109622785;"I'll attend the TLM even if it means kneeling behind the dumpster at the McDonald's to do it. You can take the buildings, but you can't take the faith.   I'm 33 yrs old. I will be here when you are gone. My children will be here and so will the Traditional Latin Mass.";7;30;78;638;en;1355005304677650436;1629941425109622785;KneelForOurKing;https://twitter.com/KneelForOurKing/status/1629941425109622785
Sun Feb 26 20:03:39 +0000 2023;1629935242520956928;"I‚Äôm not sure I‚Äôll ever recover from Baalke drafting Vance McDonald over Keenan Allen   McDonald showed he had questionable hands coming out of Rice and someone I had tagged as a bust prospect  Allen was my favorite player at the time (Cal bias) and was in the 49ers backyard https://t.co/pA1nUTP5J5";2;50;19;723;en;1152455374886207489;1629935242520956928;Graham_SFN;https://twitter.com/Graham_SFN/status/1629935242520956928
Sun Feb 26 17:12:04 +0000 2023;1629892064661102592;"Ok this is Insane..  Will McDonald was 2nd / 266 Edge Rushers in True Pass Rush Win Rate at 45.8%!!!!!  But because of the scheme I keep complaining about, he only got 49 snaps as a "True" Rusher...  For comparison's sake: W. Anderson 32.3% / 133 T. Wilson 36.7% / 99";9;21;16;527;en;766025403878240258;1629892064661102592;TFG_Football;https://twitter.com/TFG_Football/status/1629892064661102592
Sun Feb 26 16:05:03 +0000 2023;1629875198823661570;"Iowa State should be banned from College Football for how they used Will McDonald.   Using a 6'3 240lb Speed Rusher as a 3-3-5 end, often inside the Tackles as a 4i/3 Tech is psychotic behavior.";14;32;17;521;en;766025403878240258;1629875198823661570;TFG_Football;https://twitter.com/TFG_Football/status/1629875198823661570
Sun Feb 26 15:43:37 +0000 2023;1629869803170045953;"i imagine an hour hanging out with chansung irl feels like 30 liters of mcdonald‚Äôs sprite through your veins";12;3;192;1741;en;838024470635905024;1629869803170045953;golflefleur;https://twitter.com/golflefleur/status/1629869803170045953
Sun Feb 26 06:04:11 +0000 2023;1629723983880011779;"230226 McDonald‚Äôs Korea Update   Crispy crispy~   #Îâ¥ÏßÑÏä§ #NewJeans https://t.co/2ZMvHFFcCh";109;10;689;2744;en;1559527150197555200;1629723983880011779;newjeans_loop;https://twitter.com/newjeans_loop/status/1629723983880011779
Sun Feb 26 04:02:18 +0000 2023;1629693311417208832;"230226 McDonald‚Äôs Korea Update   #Îâ¥ÏßÑÏä§ #NewJeans https://t.co/1W0NNOkUqW";946;79;5916;21681;en;1559527150197555200;1629693311417208832;newjeans_loop;https://twitter.com/newjeans_loop/status/1629693311417208832
Sun Feb 26 03:14:16 +0000 2023;1629681225119178754;"(Leaving McDonald‚Äôs) see you guys tomorrow";3;2;79;933;en;241250757;1629681225119178754;pjayevans;https://twitter.com/pjayevans/status/1629681225119178754
Sun Feb 26 02:34:36 +0000 2023;1629671243606532096;"@Acyn The guy who deregulated the fuck out of both the rail and the chemical industries, leaving people just like those in East Palestine vulnerable to exactly this kind of disaster‚Ä¶ he delivered the ‚Äúneeds‚Äù of the people? By throwing his Chinese made hats out at a McDonald‚Äôs?  Idiot.";9;36;231;2450;en;818893114979061761;1629670269932503040;JoJoFromJerz;https://twitter.com/JoJoFromJerz/status/1629671243606532096
Sun Feb 26 02:03:44 +0000 2023;1629663472538484736;"NewJeans x McDonald‚Äôs kr coming soon   üîó: https://t.co/0kUGDVCWEC https://t.co/3juePvQib2";16;1;136;739;en;1541568048485675008;1629663472538484736;newtannies;https://twitter.com/newtannies/status/1629663472538484736
Sun Feb 26 00:53:39 +0000 2023;1629645835960221696;"There are no guarantees in life‚Ä¶ except that the McDonald‚Äôs milkshake machine will be  ‚Äúdown today‚Äù.";9;63;66;1697;en;468896332;1629645835960221696;EricMcCormack;https://twitter.com/EricMcCormack/status/1629645835960221696
Sun Feb 26 00:02:56 +0000 2023;1629633074609651712;"whoops shiny at McDonald's https://t.co/ZzACJAH1sp";0;20;31;350;en;85985832;1629633074609651712;ice_foxx;https://twitter.com/ice_foxx/status/1629633074609651712
Sat Feb 25 23:27:07 +0000 2023;1629624059855261696;"Omg the free large fry deal is back in the mcdonald‚Äôs app https://t.co/O18AKJxRl0";19;32;163;7119;en;930609480156483587;1629624059855261696;tyler02020202;https://twitter.com/tyler02020202/status/1629624059855261696
Sat Feb 25 22:56:49 +0000 2023;1629616436762009602;"In 1985, E.T. was re-released in theaters and got the HAPPY MEAL it never received in 1982. Royalties paid by McDonald‚Äôs to Spielberg/Universal were donated to Special Olympics, making every other director/studio look greedy for the rest of time by comparison (translite, 1985) https://t.co/G8Vygynh2O";5;8;58;460;en;894957766598635520;1629616436762009602;consumertc;https://twitter.com/consumertc/status/1629616436762009602
Sat Feb 25 20:46:35 +0000 2023;1629583662189621248;"Kevin McDonald's goal today for Exeter. #FFC #ECFC  üåë‚ö™ https://t.co/k3TwtZEJxS";4;10;15;300;en;886545349539713024;1629583662189621248;FulhamFanZone;https://twitter.com/FulhamFanZone/status/1629583662189621248
Sat Feb 25 20:00:11 +0000 2023;1629571984354062337;"asked for the "Lou Bega meal" at McDonald's and they dragged me to a back room and kicked my teeth in";0;10;34;700;en;1386481934734303233;1629571984354062337;coolgirl0nline;https://twitter.com/coolgirl0nline/status/1629571984354062337
Sat Feb 25 19:58:44 +0000 2023;1629571616987381760;"Lmfao what an experience ü§£ I figured the girls at McDonald‚Äôs needed to know the Queen of rap is coming üëëüíñ #RedRubyDaSleeze https://t.co/mnn1P6F6lV";55;136;389;2310;en;818203951917125636;1629571616987381760;WantSomeOnika_;https://twitter.com/WantSomeOnika_/status/1629571616987381760
Sat Feb 25 19:51:35 +0000 2023;1629569819409526784;"Hash browns at McDonald‚Äôs are $3.79 this country is going to shit";6;8;125;1787;en;916134640775245824;1629569819409526784;midsmoker34;https://twitter.com/midsmoker34/status/1629569819409526784
Sat Feb 25 18:55:55 +0000 2023;1629555811247697920;"Get you a man who goes to McDonald‚Äôs grand openings and pretend sword fight with you with balloon swords ü•∞ ‚öîÔ∏è https://t.co/wMj1B1n1R3";0;5;18;253;en;881817125077340161;1629555811247697920;Br00TaLDaN;https://twitter.com/Br00TaLDaN/status/1629555811247697920
Sat Feb 25 18:27:48 +0000 2023;1629548735146389507;"DeMar DeRozan's Hall of Fame resume:  21,230 PTS 4,478 REB 4,002 AST 987 STL 46.7% FG 6x All-Star (2014, 2016‚Äì2018, 2022, 2023) 2x All-NBA Second Team (2018, 2022) All-NBA Third Team (2017) McDonald's All-American (2008) https://t.co/qdKXT6f3tA";9;16;99;1329;en;1512089042065801218;1629548735146389507;BullsMuse_;https://twitter.com/BullsMuse_/status/1629548735146389507
Sat Feb 25 17:21:10 +0000 2023;1629531964062732288;"Solana, the McDonald's Ice cream machine of Blockchain technology, has broken for the 15th time! While the rest of the competition is failing, Cardano is Scaling!üåêüëë https://t.co/EnZxUchHAm";15;102;192;1429;en;1092909247686369280;1629531964062732288;LucidCiC;https://twitter.com/LucidCiC/status/1629531964062732288
Sat Feb 25 16:30:05 +0000 2023;1629519111309914113;"McDonald's Korea confirms #NewJeans is the company's new brand model, and Bunnies create mockups for the upcoming collab https://t.co/NFp4G8VSgQ";310;46;648;4292;en;21366823;1629519111309914113;allkpop;https://twitter.com/allkpop/status/1629519111309914113
Sat Feb 25 15:26:54 +0000 2023;1629503208497266689;"Kenny Loggins won the Grammy for Male Pop Vocal Performance on ‚ÄúThis Is It‚Äù on this day in 1981. Michael McDonald co-wrote the song with Loggins and provided backing vocals on the track. Other personnel includes Tris Imboden on drums and Paulinho Da Costa on percussion. https://t.co/Ld3m7EzY7e";4;5;34;294;en;1026520964887130115;1629503208497266689;in_yacht;https://twitter.com/in_yacht/status/1629503208497266689
Sat Feb 25 14:25:50 +0000 2023;1629487841624350721;"As a tie-in with 1997's George of the Jungle movie, McDonald's released ISLAND PINEAPPLE PIES and TROPICAL FRUIT FLAVORED SHAKES! Sign me up for both of these. (McDonald's trayliner, 1997) https://t.co/c2wZ2qKCCe";7;8;36;392;en;894957766598635520;1629487841624350721;consumertc;https://twitter.com/consumertc/status/1629487841624350721
Sat Feb 25 14:01:00 +0000 2023;1629481591201251329;"McDonald‚Äôs once owned 90% of Chipotle.  But in 2007, they sold their entire stake to "focus on core operations‚Äù. Today, 90% of Chipotle would be worth roughly ~$33 billion.  LESSON: McDonald's has paper hands üßªüëê https://t.co/MIO32m8W5z";12;16;72;891;en;1399844745808171008;1629481591201251329;franchisewolf;https://twitter.com/franchisewolf/status/1629481591201251329
Sat Feb 25 13:49:57 +0000 2023;1629478812978225154;"@FupaQueen03 One sip of McDonald's sprite and he's done for";0;2;16;2417;en;1395940274988371970;1629221963267997696;M1chel4ngelo;https://twitter.com/M1chel4ngelo/status/1629478812978225154
Sat Feb 25 04:41:23 +0000 2023;1629340759152361473;"Fast food (McDonald's), toxins (Pfizer, Moderna), and now alcohol.  That man really cares about our health. https://t.co/QZ4qE2WglH";13;124;290;1446;en;1224185690713460736;1629340759152361473;goddeketal;https://twitter.com/goddeketal/status/1629340759152361473
Sat Feb 25 03:41:29 +0000 2023;1629325687546077184;"The McDonald's route  #art #fanart #Edelgard #Claude #Hubert #Hilda #FE3H #ArtistOnTwitter https://t.co/1WXYo4XVmJ";3;8;371;1777;en;1139681113763221508;1629325687546077184;Notus_49;https://twitter.com/Notus_49/status/1629325687546077184
Sat Feb 25 03:09:59 +0000 2023;1629317756427403265;"American describing romance: imagine someone you can't look at in the light of McDonald's because you'll burst into tears if you do";1;1;36;435;en;2738715731;1629317226976165889;witnessborne;https://twitter.com/witnessborne/status/1629317756427403265
Sat Feb 25 01:20:22 +0000 2023;1629290173912723458;"230225 McDonald‚Äôs Korea Update   #Îâ¥ÏßÑÏä§ #NewJeans https://t.co/SxZMuuf2t3";1335;126;4129;22114;en;1559527150197555200;1629290173912723458;newjeans_loop;https://twitter.com/newjeans_loop/status/1629290173912723458
Sat Feb 25 00:32:06 +0000 2023;1629278027593965569;"In 1979, Lanny McDonald began a dominant 8-year run of leading the NHL in pulling a shotgun on any city fellers who were on his porch. https://t.co/41CBOAqI0k";7;53;78;1213;en;2259809232;1629278027593965569;Super70sSports;https://twitter.com/Super70sSports/status/1629278027593965569
Fri Feb 24 23:27:47 +0000 2023;1629261838926983170;"Stopped in my old hometown this week to see a friend. Ate at the McDonald‚Äôs I worked at in high school, drove by the church where my dad was pastor, saw American Legion Post that sent me to Boys State. Great memories of growing up in Delavan! https://t.co/onqLnuo3yT";5;60;21;586;en;33750798;1629261838926983170;ScottWalker;https://twitter.com/ScottWalker/status/1629261838926983170
Fri Feb 24 23:23:18 +0000 2023;1629260711582109696;"BREAKING: McDonald‚Äôs workers have walked off the job ON STRIKE at 1150 S De Anza Blvd in San Jose.  @McDonalds has wiped out paid sick leave for EVERY worker. Not on our watch!  Workers like us fought and won statewide paid sick leave.  We‚Äôll keep defending them. https://t.co/568NMZeUUp";36;70;644;3511;en;2395548546;1629260711582109696;NorCalFF15;https://twitter.com/NorCalFF15/status/1629260711582109696
Fri Feb 24 23:14:58 +0000 2023;1629258613620371458;"When someone is in our mentions asking us why there‚Äôs no McDonald‚Äôs in our terminal üëÄ https://t.co/re1JOpzRka";2;22;22;379;en;92426963;1629258613620371458;AUStinAirport;https://twitter.com/AUStinAirport/status/1629258613620371458
Fri Feb 24 22:04:48 +0000 2023;1629240957647331328;"Yep. I started with a 10-dollar mic, and drove 25 minutes a day to use McDonald's wifi to get content for my Youtube videos since I didn't have functioning internet. Started off Vtubing with a png for 6 months. Just have fun and let your passion for this stuff drive you.";4;32;111;2312;en;2476144285;1629240957647331328;Trickywii;https://twitter.com/Trickywii/status/1629240957647331328
Fri Feb 24 21:57:45 +0000 2023;1629239182492139528;"I AM HYPED FOR THIS ONE. McDelivery is now available on the McDonald‚Äôs app! And you know what that means? $0 delivery fee, free 6pc McNuggets and MyMcDonald‚Äôs Rewards points! Let‚Äôs celebrate together, join me on Twitch for some surprises! wow (wow)!!! #ad";50;91;83;4339;en;1306038621280055296;1629239182492139528;Zy0x_;https://twitter.com/Zy0x_/status/1629239182492139528
Fri Feb 24 19:57:22 +0000 2023;1629208888393318402;"McDonald's created the Filet-O-Fish to maintain foot traffic during Lent.  It was invented by Lou Groen, a former homeless teenager who became a McDonald's franchisee in Cincinatti in the 60's.  He convinced Ray Kroc to trial it, and today they sell ~300M sandwiches/year https://t.co/q3gCA1HNhc";15;24;58;628;en;1399844745808171008;1629208888393318402;franchisewolf;https://twitter.com/franchisewolf/status/1629208888393318402
Fri Feb 24 19:17:12 +0000 2023;1629198778891747328;"The President of Catalonia visited Ireland today, meeting with our Uachtar√°n @MaryLouMcDonald.  Mary Lou McDonald, the leader of the freedom movement in Ireland.  Pere Aragon√®s i Garcia, the leader of the freedom movement in Catalunya.  Ar aghaidh linn chun na saoirse‚úä https://t.co/1wU2vfGy4c";12;62;70;417;en;24090523;1629198778891747328;Ogra_SF;https://twitter.com/Ogra_SF/status/1629198778891747328
Fri Feb 24 18:24:22 +0000 2023;1629185484315320321;"McDonald‚Äôs frappe‚Äôs &gt  Starbucks frappuccino‚Äôs";28;27;121;696;en;231510461;1629185484315320321;JadeDaGem;https://twitter.com/JadeDaGem/status/1629185484315320321
Fri Feb 24 16:29:49 +0000 2023;1629156654812889090;"@mitchellvii How much did you donate bill?   Did you also forget that he brought food and cleaning supplies on top of the water?  Did you also forget that he bought the fire and police department McDonald's?   How much have you donated to this?";10;56;362;3957;en;1432014119931162629;1629062440334893058;Sassafrass_84;https://twitter.com/Sassafrass_84/status/1629156654812889090
Fri Feb 24 15:00:38 +0000 2023;1629134211729829888;"Joe Biden is in Ukraine while Trump is buying everyone McDonald‚Äôs in Ohio. Lol SMH now watch Trump win Ohio again and liberals wish death on them.";4;20;52;318;en;1372215218772795393;1629134211729829888;UnholyRom3;https://twitter.com/UnholyRom3/status/1629134211729829888
Fri Feb 24 14:35:00 +0000 2023;1629127760911138816;"This PERVERT has been BANNED from every MCDONALD'S TOILET in the UK after being jailed for breaching his court order  Asere Shumba was hit with the ban after being caught taking disgusting pictures of women in the lavatories of a McDonald's  #BrokenBritain https://t.co/HUv3fBbSEU https://t.co/SJ3HF8vsip";38;123;595;908;en;1104524508709441536;1629127760911138816;ActivePatriotUK;https://twitter.com/ActivePatriotUK/status/1629127760911138816
Fri Feb 24 14:28:37 +0000 2023;1629126156157956098;"McDonald's sells 75 burgers per second.";32;72;264;3564;en;1335132884278108161;1629126156157956098;stats_feed;https://twitter.com/stats_feed/status/1629126156157956098
Fri Feb 24 13:13:18 +0000 2023;1629107201670365185;"‚ÄúMeatball Ron‚Äù made me think he had his fastball back and holding court in an Ohio McDonald‚Äôs just solidifies it for me";0;10;21;618;en;835213468852711425;1629107201670365185;thetrillbillies;https://twitter.com/thetrillbillies/status/1629107201670365185
Fri Feb 24 13:02:11 +0000 2023;1629104404346413056;"I keep seeing news stories about the McDonald‚Äôs in Fort Worth that‚Äôs run by robots. This seems like an obvious time to bring back one of the best Happy Meal toys ever: CHANGEABLES, the knockoff Transformers based on McDonald‚Äôs menu items. (Translite sign, 1987) https://t.co/t61DHzHfps";6;10;54;376;en;894957766598635520;1629104404346413056;consumertc;https://twitter.com/consumertc/status/1629104404346413056
Fri Feb 24 09:56:48 +0000 2023;1629057749098065923;"Mary Lou McDonald SF President has rightly condemned the attempted murder of John Caldwell . Michelle O'Neill and Ms Mcdonald condoning PIRA murder , claiming "no alternative " has only encouraged groups such as "NIRA". It's wrong now , it was wrong then. No difference.";5;33;64;465;en;734065358861172737;1629057749098065923;AnnTravers6;https://twitter.com/AnnTravers6/status/1629057749098065923
Fri Feb 24 09:04:00 +0000 2023;1629044461475962886;"NewJeans has reportedly been selected as the new model for McDonald‚Äôs Korea üçî  Source: https://t.co/QeLbVvA7Kr https://t.co/OjTUm3zdi0";148;5;263;1222;en;337562055;1629044461475962886;theseoulstory;https://twitter.com/theseoulstory/status/1629044461475962886
Fri Feb 24 07:35:41 +0000 2023;1629022238052691968;"NEWS] NewJeans is expected to become the new MODELS for South Korea McDonald's,  NewJeans X McDonalds will be revealed next week.   üîó: https://t.co/uMPWrVULtp  #NewJeans #Îâ¥ÏßÑÏä§ https://t.co/vREH2UXwLF";28;3;136;756;en;1541568048485675008;1629022238052691968;newtannies;https://twitter.com/newtannies/status/1629022238052691968
Fri Feb 24 05:50:12 +0000 2023;1628995691782500352;"MCDONALD'S E NEWJEANS??? https://t.co/7o7b3xFwYf";262;67;189;1806;en;1582750317065764867;1628995691782500352;bunniesbr;https://twitter.com/bunniesbr/status/1628995691782500352
Fri Feb 24 05:38:51 +0000 2023;1628992832605392900;"McDonald‚Äôs Korea update üëÄüëÄüëÄ  "Attention"   #Îâ¥ÏßÑÏä§ #NewJeans https://t.co/1tKEBlLa32";287;35;697;3418;en;1559527150197555200;1628992832605392900;newjeans_loop;https://twitter.com/newjeans_loop/status/1628992832605392900
Fri Feb 24 05:04:34 +0000 2023;1628984204380852226;"Post McDonald‚Äôs clarity is such a disgusting feeling";11;1;94;815;en;579589974;1628984204380852226;itsqail;https://twitter.com/itsqail/status/1628984204380852226
Fri Feb 24 04:01:00 +0000 2023;1628968210073800705;"you know how greasy you‚Äôd have to be to have the mcdonald‚Äôs app on your phone‚Ä¶..";35;22;15;316;en;766465006632312832;1628968210073800705;dxckiii;https://twitter.com/dxckiii/status/1628968210073800705
Fri Feb 24 03:27:58 +0000 2023;1628959896732422146;"In-N-Out isn't supposed to be a gourmet experience - it's a "oh, so this is what cheap plain hamburgers tasted like before McDonald's filled every ounce of them with additives, fillers and preservatives".";10;20;110;997;en;519734082;1628959896732422146;KaelanRamos;https://twitter.com/KaelanRamos/status/1628959896732422146
Fri Feb 24 02:18:55 +0000 2023;1628942520984997888;"@DailyLoud nigga he was at McDonald‚Äôs last night";1;5;32;4604;en;58922481;1628942315464138753;cordelll;https://twitter.com/cordelll/status/1628942520984997888
Fri Feb 24 01:34:33 +0000 2023;1628931352425799682;"Good Lord! More people have crossed the border than McDonald‚Äôs has served hamburgers! https://t.co/znp7xVr9Ly";25;156;135;1470;en;1080504024695222273;1628931352425799682;RepRiggleman;https://twitter.com/RepRiggleman/status/1628931352425799682
Thu Feb 23 21:08:45 +0000 2023;1628864464291340291;"me after mcdonald's sprite";0;7;16;469;en;15100219;1628864464291340291;GenePark;https://twitter.com/GenePark/status/1628864464291340291
Thu Feb 23 21:05:41 +0000 2023;1628863693181095936;"RJ continues his habit of being Sold Out. He is in high demand as usual and people are saying it got sold out at many locations of McDonald‚Äôs Korea  Seokjin created such a powerful character. He can sing, he can make fur, a brand ambassador &amp  now he is increasing McDonald's sales https://t.co/qA6qzdbVeg";32;9;530;1964;en;1083867437605494786;1628863693181095936;seokjinism1;https://twitter.com/seokjinism1/status/1628863693181095936
Thu Feb 23 20:20:42 +0000 2023;1628852373010391041;"Took my kids to see Gaia, the Luke Jerram Earth installation at Exeter Cathedral this eve.   Me: ‚ÄúIt says here it creates a sense of the ‚ÄòOverview Effect,‚Äô used to describe  how astronauts who have seen the earth from space feel. Cool, eh?‚Äù  My kids: ‚ÄúAre we having a McDonald‚Äôs?‚Äù https://t.co/kuauel7g2e";2;10;8;410;en;1583245783;1628852373010391041;TheUnmumsyMum;https://twitter.com/TheUnmumsyMum/status/1628852373010391041
Thu Feb 23 19:30:44 +0000 2023;1628839794577969152;"too based for McDonald's https://t.co/T8PPTE2yml";4;12;72;501;en;1213960012755656704;1628839794577969152;Gritty20202;https://twitter.com/Gritty20202/status/1628839794577969152
Thu Feb 23 19:11:20 +0000 2023;1628834913947381760;"McDonald's workers acting like the sauces come out their wages ü§¶üèΩ‚Äç‚ôÇÔ∏è";6;11;42;353;en;922811762226933760;1628834913947381760;WhosMental;https://twitter.com/WhosMental/status/1628834913947381760
Thu Feb 23 17:40:52 +0000 2023;1628812148091543554;"@EdKrassen Ed, what they want this admin to do is show up, pass out hats, have a McDonald's happy meal and tell them the chemicals will disappear like a miracle, in about two weeks. You know, real leadership!";2;34;40;482;en;54733279;1628807483388047361;markhartig;https://twitter.com/markhartig/status/1628812148091543554
Thu Feb 23 17:29:02 +0000 2023;1628809169150046210;"I‚Äôm not kissing trumps ass for going to McDonald‚Äôs and making a dumb empty little speech about an accident he is complicit in. I just know what stupid things people cling on to during election cycles.";0;10;10;323;en;20325951;1628809169150046210;offbeatorbit;https://twitter.com/offbeatorbit/status/1628809169150046210
Thu Feb 23 16:46:02 +0000 2023;1628798347451543552;"McDonald‚Äôs in South Korea are ready for the arrival of @BT21_ to their meals. https://t.co/gbEUP5m07s";1058;75;1465;6758;en;1015270357077495808;1628798347451543552;BTSARMYKitchen;https://twitter.com/BTSARMYKitchen/status/1628798347451543552
Thu Feb 23 16:42:35 +0000 2023;1628797479507357699;"Y'all out here complaining about Biden's health while watching his 76yo opponent bragged to a McDonald's employee that he knows the menu better than she does???!!.";2;20;106;680;en;2768271223;1628797479507357699;covie_93;https://twitter.com/covie_93/status/1628797479507357699
Thu Feb 23 16:09:57 +0000 2023;1628789266829434881;"What do you want from McDonald‚Äôs? üçîü§® ‚Äî #sonicthehedgehog https://t.co/4EFR6nFoFg";10;19;412;1683;en;702291810412957697;1628789266829434881;MimiiPyon;https://twitter.com/MimiiPyon/status/1628789266829434881
Thu Feb 23 15:24:13 +0000 2023;1628777759114772487;"When I was a kid McDonald‚Äôs had ashtrays and if you weren‚Äôt smoking Ronald would call you a McPussy to your face in front of all your friends. https://t.co/pwHVbzUHs8";5;36;98;570;en;189729422;1628777759114772487;MoMohler;https://twitter.com/MoMohler/status/1628777759114772487
Thu Feb 23 14:31:41 +0000 2023;1628764538232311810;"Top quality 8oz idaho Russet potatoes, peeled then soaked in cold water, and fried in Mcdonald‚Äôs proprietary tallow mix.   At the original Mcdonald‚Äôs location in San Bernadino, these were the stand out item, the fries were made in a dedicated fryer with military precision. https://t.co/4XRO026Y71";0;2;11;392;en;1521541331012792320;1628764446989361153;SeedOilScout;https://twitter.com/SeedOilScout/status/1628764538232311810
Thu Feb 23 14:31:19 +0000 2023;1628764446989361153;"When Ray Crock purchased the franchise rights to Mcdonalds in 1961, he was really purchasing the hallowed beef tallow french fry that had diners hooked.  Sold in a single 2.4oz size, the original McDonald‚Äôs french fry was a perfect American creation, universally beloved.  On July‚Ä¶ https://t.co/qjRfq7U2QW";62;67;405;3110;en;1521541331012792320;1628764446989361153;SeedOilScout;https://twitter.com/SeedOilScout/status/1628764446989361153
Thu Feb 23 14:23:15 +0000 2023;1628762414408781826;"@RaymondZino @EdKrassen There have been 10 to 20 train derailments involving the release of hazardous materials in the United States every year for the past decade.   This was obviously pure political theater from Trump. He asked people if they were ‚Äúhaving fun‚Äù &amp  took firefighters to McDonald‚Äôs.";5;91;61;972;en;1112554170;1628751142132776960;EdGreenberger;https://twitter.com/EdGreenberger/status/1628762414408781826
Thu Feb 23 14:04:54 +0000 2023;1628757798120230912;"Chimmy figurines have already SOLD OUT in multiple McDonald‚Äôs branches in South Korea! üî•  Chimmy really takes after his father Jimin üòÅ  CHIMMY SOLD OUT KING https://t.co/qZrCcOj8fU";95;71;1153;4705;en;960891360453656576;1628757798120230912;JiminGlobal;https://twitter.com/JiminGlobal/status/1628757798120230912
Thu Feb 23 11:45:27 +0000 2023;1628722702524751872;"Well, isn't that exactly what you want when ordering food from McDonald's? https://t.co/ZmS9KksrBQ";59;256;465;1445;en;1224185690713460736;1628722702524751872;goddeketal;https://twitter.com/goddeketal/status/1628722702524751872
Thu Feb 23 11:13:46 +0000 2023;1628714731698786304;"The McDonald‚Äôs here in Japan is insane wtf   what should I order?? https://t.co/ZoOH3j770I";3;39;17;450;en;3183019908;1628714731698786304;SavinTheBees;https://twitter.com/SavinTheBees/status/1628714731698786304
Thu Feb 23 10:57:12 +0000 2023;1628710560429924352;"üê∞ why do you look like the mcdonald‚Äôs man??? üò≠üò≠  @TXT_members @TXT_bighit https://t.co/0T3aZIpHIJ";1597;215;3581;18659;en;949093351357403136;1628710560429924352;translatingTXT;https://twitter.com/translatingTXT/status/1628710560429924352
Thu Feb 23 08:46:53 +0000 2023;1628677764869136385;"Everyone is loving McDonald's Chimmy in Korea!   Watch and smile. ‚ò∫Ô∏èüíì https://t.co/KcChnmy7yt";114;38;938;4711;en;960891360453656576;1628677764869136385;JiminGlobal;https://twitter.com/JiminGlobal/status/1628677764869136385
Thu Feb 23 08:15:01 +0000 2023;1628669748585148418;"Barbz are really attacking McDonald‚Äôs workers because of the Cardi B and offest meal bags this is so sad üò≠ https://t.co/W0qs3HsIxm";49;41;44;372;en;1571089990796337153;1628669748585148418;kiaabardiss;https://twitter.com/kiaabardiss/status/1628669748585148418
Thu Feb 23 07:40:55 +0000 2023;1628661166883962880;"LOOK BT21 X MCDONALD'S KOREA, THEY ARE SO ADORABLE WITH THEIR POSE AND THE MANG ONE THO üò≠üò≠ https://t.co/EtcOKxBoBL";675;93;2769;15736;en;1215311907520905216;1628661166883962880;mhereonlyforbts;https://twitter.com/mhereonlyforbts/status/1628661166883962880
Thu Feb 23 06:38:15 +0000 2023;1628645393188941826;"the chimmy toy that comes with the mc donald‚Äôs korea BT21 combo meal ü•π https://t.co/i5ECccAr89";247;22;1229;8912;en;2311574407;1628645393188941826;stussyjimin;https://twitter.com/stussyjimin/status/1628645393188941826
Thu Feb 23 06:24:21 +0000 2023;1628641896586260480;"Adorable Cooky toy from the MC Donald‚Äôs mealü§ç #LeftAndRight #BestMusicVideo #iHeartAwards https://t.co/HuDqHkogca";40;100;835;2183;en;1226493993141145601;1628641896586260480;Jungkook_SNS;https://twitter.com/Jungkook_SNS/status/1628641896586260480
Thu Feb 23 06:13:54 +0000 2023;1628639265822322689;"Flashback to when Trump and Jerry Nadler did a McDonald's commercial many years ago. https://t.co/aVGtQ655Cw";27;94;308;1358;en;1394680198705123329;1628639265822322689;mazemoore;https://twitter.com/mazemoore/status/1628639265822322689
Thu Feb 23 05:19:58 +0000 2023;1628625694921031680;"In 1965, McDonald‚Äôs introduced the Filet-O-Fish sandwich https://t.co/Qq1AAm4bfP";20;28;43;289;en;2377703834;1628625694921031680;RetroNewsNow;https://twitter.com/RetroNewsNow/status/1628625694921031680
Thu Feb 23 05:04:55 +0000 2023;1628621906567139329;"Hearing Andrew McDonald showed the Australian players Ian Healy's video in a team meeting today.   Response was frustration that this advice had been kept from them until now. Renshaw in particular adamant that he will now hit Ashwin back over his head if selected again.";4;21;43;1003;en;551799706;1628621906567139329;jackkcronin;https://twitter.com/jackkcronin/status/1628621906567139329
Thu Feb 23 04:39:44 +0000 2023;1628615568655007744;"The RJ toy from the Mc Donald's meal pls üò≠ I'm sobbing so adorable üò≠ this is a need üò≠  https://t.co/eus5DZctJg";110;29;566;2837;en;2986329276;1628615568655007744;Akjinbts;https://twitter.com/Akjinbts/status/1628615568655007744
Thu Feb 23 04:30:24 +0000 2023;1628613221522325505;"WATCH: Trump buys McDonald‚Äôs for residents &amp  first responders during visit to East Palestine, Ohio.   ‚ÄúSo, I know this menu better than you do. I probably know it better than anybody in here,‚Äù Trump joked.    https://t.co/lCl6KLwavm";119;137;453;4055;en;375721095;1628613221522325505;Breaking911;https://twitter.com/Breaking911/status/1628613221522325505
Thu Feb 23 03:58:52 +0000 2023;1628605286281007104;"[McDonald] 230223 BT21 Universe star McDonald landing! I ran hard in the morning and bought it. The set is sold out. There was RJ decoration on table. #Ïö∞Ï£ºÏä§ÌÉÄ #Îß•ÎèÑÎÇ†Îìú #TheAstronaut #JIN #Î∞©ÌÉÑÏÜåÎÖÑÎã®ÏßÑ https://t.co/abK5guOxq9";36;31;495;2093;en;1333415274528161792;1628605286281007104;nightstar1201;https://twitter.com/nightstar1201/status/1628605286281007104
Thu Feb 23 03:39:04 +0000 2023;1628600299953786880;"@ButtCrackSports LeBronald McDonald";15;23;133;5087;en;1373779149798641666;1628598226319294464;Ei8hthWonder;https://twitter.com/Ei8hthWonder/status/1628600299953786880
Thu Feb 23 03:31:41 +0000 2023;1628598441927487488;"he even went to McDonald‚Äôs and handed out hats. Dude is playing the hits. https://t.co/AZK0kEQOWg";2;7;10;654;en;1306626806452301824;1628593883742457856;wapplehouse;https://twitter.com/wapplehouse/status/1628598441927487488
Thu Feb 23 03:29:54 +0000 2023;1628597995368325122;"The blue collar billionaire strikes again!  Trump brags about his knowledge of the McDonald‚Äôs menu before he buys food for police officers and firefighters üòÇüôèüèº   https://t.co/rg2vHJ4E4y";2;23;121;726;en;499154896;1628597995368325122;alexbruesewitz;https://twitter.com/alexbruesewitz/status/1628597995368325122
Thu Feb 23 03:01:38 +0000 2023;1628590879563718656;"Trump went to East Palestine, Ohio. He stopped to eat at McDonald's. No matter how hard you tried, you couldn't make this guy up. Not possible.";1;19;51;310;en;1237516842303991808;1628590879563718656;DonLew87;https://twitter.com/DonLew87/status/1628590879563718656
Thu Feb 23 02:58:19 +0000 2023;1628590046914789378;"If you think throwing Chinese made MAGA hats at a McDonald‚Äôs is the litmus test for what is ‚Äúpresidential‚Äù but traveling across the globe to show the whole world that the United States stands with and for democracy is not, what can I say‚Ä¶ you are an idiot and an asshole.";182;3235;2938;24074;en;818893114979061761;1628590046914789378;JoJoFromJerz;https://twitter.com/JoJoFromJerz/status/1628590046914789378
Thu Feb 23 02:55:14 +0000 2023;1628589268967862274;"President Trump walks into McDonald's and orders as only "Classic Trump" does.   "I want billions and billions of big Mac's"  Headline: "Trump Bought Out McDonald's in Palestine, Ohio." ü§£ü§£ü§£ https://t.co/D7CZHIJSl3";6;28;212;452;en;1506887575587463169;1628589268967862274;01Funkytown;https://twitter.com/01Funkytown/status/1628589268967862274
Thu Feb 23 02:35:23 +0000 2023;1628584276630577153;"üì∏ BT21 Official Instagram   ‚≠ê WE ARE HERE! ‚≠ê Finally, UNIVERSTAR #BT21 landed on McDonald‚Äôs üõ∏ ¬†  **This promo will be held only in specific countries, the promotion period &amp  products may differ for each region!  Hoping Malaysia included too! üòçüá≤üáæüôèüèª https://t.co/Dp6ex7s87q";104;26;328;856;en;969036678907113473;1628584276630577153;BTSMY_ARMY;https://twitter.com/BTSMY_ARMY/status/1628584276630577153
Thu Feb 23 02:15:25 +0000 2023;1628579250033885185;"Trump buying the firefighters and first responders McDonald‚Äôs was LIT.";1;44;102;1441;en;2945287090;1628579250033885185;RealBrysonGray;https://twitter.com/RealBrysonGray/status/1628579250033885185
Thu Feb 23 02:02:34 +0000 2023;1628576016510713862;"MCDONALD X BT21 COMBOS, OMG IT LOOKS SO CUTE https://t.co/LzFyu8ihTE";1421;178;4196;23260;en;1215311907520905216;1628576016510713862;mhereonlyforbts;https://twitter.com/mhereonlyforbts/status/1628576016510713862
Thu Feb 23 01:46:50 +0000 2023;1628572056827711489;"‚ÄúOTR‚Äù  He‚Äôs not the president anymore. It‚Äôs not an OTR. It‚Äôs him stopping at McDonald‚Äôs.";3;13;22;284;en;807975026;1628572056827711489;svdate;https://twitter.com/svdate/status/1628572056827711489
Thu Feb 23 01:42:27 +0000 2023;1628570953134342150;".@TuckerCarlson: "The Biden administration has effectively done nothing to respond to an actual environmental disaster. Donald Trump by contrast visited the town today. He bought a lot of McDonald‚Äôs for cleanup crews and firemen and handed out bottled water." https://t.co/DCUtwvPP1g";12;44;341;1169;en;1591834567207522305;1628570953134342150;MAGAIncWarRoom;https://twitter.com/MAGAIncWarRoom/status/1628570953134342150
Thu Feb 23 01:38:02 +0000 2023;1628569842134532096;"Trump buys ‚Äònice array‚Äô of McDonald‚Äôs for East Palestine residents, first responders https://t.co/cYdRuydHDs https://t.co/uRb7egMDH3";14;97;69;705;en;17469289;1628569842134532096;nypost;https://twitter.com/nypost/status/1628569842134532096
Thu Feb 23 01:37:40 +0000 2023;1628569749855543297;"Tucker Carlson: ‚ÄúWhatever you think of Donald Trump, when he‚Äôs unleashed in a crowd of people, he‚Äôs pretty unbelievable. If you haven‚Äôt seen the tape of him ordering at McDonald‚Äôs in East Palestine, treat yourself.‚Äù   https://t.co/AIPu6PbyBg";8;12;326;1373;en;3267456386;1628569749855543297;ColumbiaBugle;https://twitter.com/ColumbiaBugle/status/1628569749855543297
Thu Feb 23 01:36:17 +0000 2023;1628569400293949442;"I‚Äôm legit blown away that Dems flopped this hard on Ohio you let this man get a W over you flexing at a McDonald‚Äôs tossing out merch";51;179;1213;21087;en;1218679919913373697;1628569400293949442;GoodPoliticGuy;https://twitter.com/GoodPoliticGuy/status/1628569400293949442
Thu Feb 23 01:34:17 +0000 2023;1628568897141223424;"BT21 x McDonald's Korea. So cute! üòç https://t.co/N31qhMZU1a";182;76;803;4046;en;174630305;1628568897141223424;laviedenoona;https://twitter.com/laviedenoona/status/1628568897141223424
Thu Feb 23 01:31:53 +0000 2023;1628568296864854016;"Tomorrow when Buttigieg arrives in East Palestine‚Ä¶.. he will be handing out coupons for McDonald‚Äôs Big Macs.  ü§£";6;154;103;927;en;22677397;1628568296864854016;atensnut;https://twitter.com/atensnut/status/1628568296864854016
Thu Feb 23 01:31:40 +0000 2023;1628568241785438208;"I will say this for Mcdonald's:  My wife and I can go in and get an okay breakfast for under $20 for the two of us.  The same food across the street at Denny's is $40 plus the tip. https://t.co/AvIbH5Elpn";6;122;24;358;en;52642209;1628568241785438208;oldguy_steve;https://twitter.com/oldguy_steve/status/1628568241785438208
Thu Feb 23 01:27:29 +0000 2023;1628567188746412032;"Tucker: Whatever you think of Donald Trump, when he's unleashed in a crowd of people, he's unbelievable. If you haven‚Äôt seen the tape of him ordering in McDonald's, treat yourself https://t.co/6RUHxipQp8";151;943;104;713;en;16635277;1628567188746412032;Acyn;https://twitter.com/Acyn/status/1628567188746412032
Thu Feb 23 01:17:12 +0000 2023;1628564597744492546;"Tucker: The Biden administration has effectively done nothing to respond to an actual environmental disaster. Donald Trump by contrast visited the town today. He bought a lot of McDonald's for cleanup crews and firemen, he handed out bottled water, including Trump water https://t.co/QaBIA5oKke";95;1184;95;667;en;16635277;1628564597744492546;Acyn;https://twitter.com/Acyn/status/1628564597744492546
Thu Feb 23 01:09:23 +0000 2023;1628562632767598592;"Tucker: But Trump did bring pallets of bottled water and then bought the entire fire department dinner at McDonald's. Whatever you think of Trump, at least he cared enough to go there https://t.co/ThKKxKf9Em";179;2034;163;1234;en;16635277;1628562632767598592;Acyn;https://twitter.com/Acyn/status/1628562632767598592
Thu Feb 23 01:04:49 +0000 2023;1628561484291661833;"He threw out MAGA hats and 25 year old Trump water, while visiting a McDonald‚Äôs.   #TrumpIsALaughingStock https://t.co/ZcpXnOEJkB";17;113;118;460;en;1337069994430128129;1628561484291661833;lisa_liberal;https://twitter.com/lisa_liberal/status/1628561484291661833
Thu Feb 23 01:04:25 +0000 2023;1628561381296418816;"BT21 x McDonald's Korea  üîó https://t.co/Egp0kfaCFN https://t.co/6F5j9NY7mN";183;43;353;1340;en;961377781090316288;1628561381296418816;BTSMerchUpdates;https://twitter.com/BTSMerchUpdates/status/1628561381296418816
Thu Feb 23 01:03:02 +0000 2023;1628561032594722818;"We would much rather have a President that brings people in need McDonald's, than one that brings them the prospect of nuclear war.  #AmericaFirst";13;95;355;1825;en;1492670054541844482;1628561032594722818;KariLakeWarRoom;https://twitter.com/KariLakeWarRoom/status/1628561032594722818
Thu Feb 23 00:36:00 +0000 2023;1628554230314467328;"McDonald's Hula Burger (1963-1963): A a sandwich featuring a slice of grilled pineapple and American cheese on a bun. The brainchild of McDonald's head honcho Ray Kroc, who was convinced that  it would be a more appealing Lenten offering than a fried fish sandwich. He was wrong. https://t.co/bXaTuWoioa";262;113;473;5843;en;1512043356632793094;1628554230314467328;Snack_Memories;https://twitter.com/Snack_Memories/status/1628554230314467328
Thu Feb 23 00:11:37 +0000 2023;1628548094986944512;"The only reason Trump went to East Palestine is because he's trying to visit every McDonald's in America";1;17;29;330;en;1413628042698797059;1628548094986944512;theliamnissan;https://twitter.com/theliamnissan/status/1628548094986944512
Wed Feb 22 23:56:22 +0000 2023;1628544258117455872;"Donald Trump to McDonald‚Äôs employees: ‚ÄúI know this menu better than you do. I probably know it better than anyone in here.‚Äù üòÇ   https://t.co/0utYUpY19o";39;133;643;5146;en;534023;1628544258117455872;alx;https://twitter.com/alx/status/1628544258117455872
Wed Feb 22 23:51:00 +0000 2023;1628542906448375809;"nothing says you know the McDonald‚Äôs menu like asking what the ‚Äúspecialty is today‚Äù lmao";7;70;108;1667;en;14931637;1628542906448375809;MattBinder;https://twitter.com/MattBinder/status/1628542906448375809
Wed Feb 22 23:43:48 +0000 2023;1628541093351665665;".@GTrimbellDB and I spoke to @uclagymnastics coach Janelle McDonald today.  Big news for the Bruins. Brooklyn Moors is "COMPLETELY CLEARED," McDonald said.  McDonald added that Moors is specifically focusing on floor and vault.";15;4;19;306;en;1531917660;1628541093351665665;thebenroyer;https://twitter.com/thebenroyer/status/1628541093351665665
Wed Feb 22 23:39:05 +0000 2023;1628539906116014080;"President Trump jokes with local workers at a McDonald‚Äôs in East Palestine, Ohio that he knows the menu better than they do  Classic Trumpü§£ü§£ü§£   https://t.co/OPUaJkwJvE";105;311;1164;8564;en;15212187;1628539906116014080;bennyjohnson;https://twitter.com/bennyjohnson/status/1628539906116014080
Wed Feb 22 23:25:34 +0000 2023;1628536507911864321;"Trump went to McDonald‚Äôs so now McDonald‚Äôs is America https://t.co/GAHFgYH5jW";2;47;32;677;en;282647792;1628536507911864321;davramdavram;https://twitter.com/davramdavram/status/1628536507911864321
Wed Feb 22 22:59:39 +0000 2023;1628529985819377664;"‚ÄòI brought you whatever I had left of my shitty ass trump water, did my little point at boring things photo-ops &amp  threw some red hats at McDonald‚Äôs workers, what a hoot! Have fun with the rail disaster I helped to facilitate!!‚Äô https://t.co/NbIBjf66gl";474;6099;4405;22776;en;818893114979061761;1628529985819377664;JoJoFromJerz;https://twitter.com/JoJoFromJerz/status/1628529985819377664
Wed Feb 22 22:57:06 +0000 2023;1628529344497819653;"@hasanthehun &gt  repeal key railway safety regulations &gt  lose election  &gt  train carrying toxic chemicals crashes due to the lack of regulations &gt  successor gets all the blame for it &gt  everyone forgets you‚Äôre the one who deregulated the railroad company  &gt  go to McDonald‚Äôs and pretend to care";1;52;222;4311;en;1531424460347252744;1628526025733992448;KonkyDong18;https://twitter.com/KonkyDong18/status/1628529344497819653
Wed Feb 22 22:42:54 +0000 2023;1628525767821824001;"Trump to McDonald‚Äôs employees today: ‚ÄúI know this menu better than you do. I probably know it better than anyone in here.‚Äù https://t.co/2uLTSKOefA";254;1760;441;3194;en;1298372735383605249;1628525767821824001;RonFilipkowski;https://twitter.com/RonFilipkowski/status/1628525767821824001
Wed Feb 22 22:30:10 +0000 2023;1628522565001170945;"i want ramen and miso soup and chicken nuggets and mcdonald‚Äôs fries and sushi and esquite and hot cheeto fries and salad and salmon and chili cheese fries and mango and sour skittles and cotton candy and ceviche and tacos and any type of soup and mashed potatoes &amp  a korean hot do";60;7;627;2659;en;2357317886;1628522565001170945;angelsdie4u;https://twitter.com/angelsdie4u/status/1628522565001170945
Wed Feb 22 22:26:58 +0000 2023;1628521760977985536;"President Trump telling McDonald‚Äôs workers that he knows the menu better than them üòÇ  He then goes on to order food to take care of the firefighters and police officers of East Palestine.  How can‚Äôt you love this guy?   https://t.co/53bAELpble";130;522;2038;11619;en;166751745;1628521760977985536;RyanAFournier;https://twitter.com/RyanAFournier/status/1628521760977985536
Wed Feb 22 22:24:49 +0000 2023;1628521218302156801;"Handing out MAGA  hats at McDonald‚Äôs‚Ä¶. Trump shows us he can relate to the American people no matter what group he‚Äôs with.  People love to see him and speak to him .. and what an honor it would be to receive  a MAGA hat directly from him !! üá∫üá∏‚ù§Ô∏èüá∫üá∏ - https://t.co/PeDcION7xu";13;35;224;695;en;1205514161003720704;1628521218302156801;ShotGun_Bonnie;https://twitter.com/ShotGun_Bonnie/status/1628521218302156801
Wed Feb 22 22:23:27 +0000 2023;1628520875925426177;"LMFAO  President Trump At McDonald‚Äôs In East Palestine, Ohio Picking Up Food For The Fire Department And Police Department   ‚ÄúWhat‚Äôs your specialty today?‚Äù  ‚ÄúSo I know this menu better than you do. I probably know it better than anybody in here.‚Äù  https://t.co/Mkho9vaGHA";255;274;1585;7230;en;3267456386;1628520875925426177;ColumbiaBugle;https://twitter.com/ColumbiaBugle/status/1628520875925426177
